{"K": [[1083.0745943649995, 0.0, 990.4784392327728], [0.0, 1078.6530647975733, 567.0181258497827], [0.0, 0.0, 1.0]], "D": [[-0.10531309507004291], [0.04033359800869899], [-0.05251080544534398], [0.02179033751612826]], "P": [[866.4596754919996, 0.0, 990.4784392327728], [0.0, 862.9224518380587, 567.0181258497827], [0.0, 0.0, 1.0]], "img_shape": [1920, 1080]}